word,sentence
傷感,祖父翻開舊相冊，看到祖母的照片時，臉上帶着一絲絲的傷感。
擔憂,不必擔憂，他不會遇到危險的。
刺激,這齣恐怖電影令我感到既刺激又害怕。
苦悶,生活瑣事雖令人苦悶，但我們都要積極面對。
寂寞,看著空蕩的房間，我感到既寂寞又無助。
疲乏,經過一整天的爬山健行後，我疲乏極了。
平凡,這家餐廳的菜色很平凡，但味道還算不錯。
孤單,有書本與音樂相伴，他即使獨自在家也不覺孤單。
自卑,長期的批評和否定，令他越來越自卑。
溫柔,她個性溫柔，從不輕易發脾氣。
脆弱,人總有脆弱的時候，不妨向朋友求助，互相扶持。
健康,均衡飲食能令我們身體健康，增強抵抗力。
仁慈,她擁有一顆仁慈的心，總是樂於助人。
坦白,坦白地承認自己的錯誤，是勇敢的表現。
自私,做人不能太自私，多考慮别人的感受吧！
吝嗇,這位老闆非常吝嗇，員工的福利一再被削減。
兇惡,他的眼神兇惡，令人不敢靠近。
乖巧,這個小女孩非常乖巧，總是主動幫媽媽做家務。
狠心,父母不會狠心丟下自己的孩子不管的。
狡猾,這隻狐狸非常狡猾，每次都能從獵人的陷阱中逃脫。
開朗,小明的媽媽性格開朗，總是面帶笑容。
貪心,他太貪心了，連別人的東西也想要。
懶惰,這人太懶惰了，終日待在家中，無所事事。
愚蠢,不要傷害自己，這種做法太愚蠢。
聰明,他聰明過人，成功解決了這個複雜的問題。
矛盾,他的言論前後矛盾，讓人難以理解。
權威,這部著作是物理學界的權威。
尊重,即使意見不同，我們也應尊重他人，聆聽不同的觀點。
教訓,父母的嚴厲教訓，讓他從不敢撒謊。
勉勵,老師常常勉勵同學要努力學習。
家務,母親每天忙於處理家務，從打掃、買菜到做飯，都由她獨個兒完成。
團聚,春節是家人團聚的美好時刻，大家都會回家過年。
友誼,他們兩人從小一起長大，友誼深厚，情同手足。
長輩,過年時，長輩會發紅包給晚輩，這是華人傳統的習俗。
鄰居,隔壁林家是我們相處多年的好鄰居。
刑罰,法官依據案情輕重，判處被告相對的刑罰。
災害,這次地震是一場嚴重的自然災害，造成了巨大的損失。
抵抗,軍隊團結一致，奮力抵抗外敵，保衛國家。
津貼,這家公司制度完善，為員工提供食、宿、交通等各項津貼。
貢獻,他積極參與社區服務，貢獻社會。
悲憤,受到不公平的對待後，他感到悲憤，決定為自己討回公道。
煩躁,不順意的事情一件接着一件，令他十分煩躁。
憂慮,他對於未來的職業發展感到憂慮。
膽怯,這女孩膽量真大，在台上表演，落落大方，毫不膽怯。
內疚,他因沒有及時幫助朋友而感到內疚。
懊悔,他常常做事不細心，事後卻又懊悔不已。
嫌棄,我們不應嫌棄成績稍遜的同學，每個人都有自己的優點和缺點。
靦腆,她面對陌生人時有些靦腆。
嫉妒,他因為同事升職而心生嫉妒。
哀痛,看著昔日的合照，想起已逝世的好友，他哀痛萬分。
堅毅,即使遇到挫折，他仍堅毅地追尋夢想。
謙遜,他的工作表現出色，而且為人謙遜，常常低調行事。
虛偽,他在人前說一套，背後卻做另一套，實在太虛偽了！
狂妄,他雖然滿有才華，但狂妄傲慢，令人厭惡。
樸素,雖然他的衣著樸素，但卻散發出一種自信與從容的氣質。
和藹,這位老師對學生非常和藹，深受大家的喜愛。
委屈,明明不是他的錯，卻要他承擔後果，他感到十分委屈。
固執,他是個固執的人，不願接受別人的意見。
肆無忌憚,小孩子在港鐵車廂內肆無忌憚地亂跑，騷擾了其他乘客。
粗暴,他總是用粗暴的態度對待別人，沒有人願意和他做朋友。
恩將仇報,我處處為他設想，他卻恩將仇報，反過來陷害我。
安慰,當他遇到挫折時，好朋友總會在身邊安慰他，鼓勵他別灰心。
規勸,老師正在規勸犯錯的學生，希望他們能改過。
侍奉,年邁的祖母需要傭人侍奉起居生活。
欽佩,他學識淵博，令我非常欽佩。
家屬,公司為員工及其家屬提供福利。
考核,考核不僅是評估，更是促進個人成長的機遇。
拋棄,他拋棄了妻兒，獨自到外國生活。
重逢,多年後他們重逢，忍不住相擁而泣。
嚴肅,這件事應嚴肅處理，不容有任何閃失。
廉潔,他為官廉潔，盡心為人民服務，深受民眾的愛戴和尊敬。
冊封,他帶領軍隊擊敗外敵，所以被皇帝冊封為親王。
宣誓,新任的總統下星期宣誓就職。
莫須有,明明沒有證據，他卻被控偷竊，這分明是莫須有的罪名。
內閣,政府的內閣由不同領域的部長組成。
隱退,當他看見官場黑暗，便決定隱退，不再過問世事。
版權,這首歌曲的版權是屬於他的，不能盜用。
承諾,對於難以做到的事，不要輕易許下承諾。
蔓延,恐慌的情緒在人群中迅速蔓延，所有人都顯得不安。
復甦,疫情過後，經濟復甦需時，市民要過一段艱難的日子。
雀躍,收到期待已久的成績，他的心雀躍不已。
不知所措,面對突如其來的指責，他呆在原地一時不知所措。
驚訝,朋友突然到訪，令她十分驚訝。
羞澀,她突然被稱讚，羞澀得低下頭來。
遺憾,為了不讓生活留下遺憾，他決定放下一切，去追逐自己的夢想。
心曠神怡,呼吸雨後的清新空氣，令人感到心曠神怡。
狼狽,她獨個兒抱着兩個小孩出門，手忙腳亂，非常狼狽。
惆悵,想到即將要與朋友分別，他心中充滿了惆悵。
頹喪,公司破產後，他數月閉門不出，不修邊幅，顯得十分頹喪。
忐忑,他突然被上司召見，心裏忐忑不安。
慷慨,他為人慷慨仗義，人們都很敬重他。
謹慎,我們在社交媒體發言要謹慎，避免洩露私隱或引發誤會。
懦弱,他個性懦弱，即使受到不合理的對待也只會啞忍。
魯莽,他做事總是太魯莽，不經思考，常常闖禍。
全力以赴,疫情期間，醫護人員全力以赴堅守崗位，盡心盡力地照顧病人。
安逸,他過着無憂無慮的安逸生活。
奢侈,他每天追求錦衣美食，過着奢侈的生活。
平庸,他雖然能力平庸，但工作勤奮，是個不錯的員工。
不偏不倚,作為裁判，他必須做到不偏不倚，確保比賽公平。
霸道,他從小被寵壞了，性格非常霸道，很難與人相處。
隔膜,他們父子多年不通消息，彼此之間產生了一層隔膜。
漠視,我們不應該漠視弱勢群體的需要。
咒罵,他當初不該一時衝動咒罵上司，如今丟了工作才明白禍從口出的道理。
摯友,即使分隔兩地，他仍是我的摯友。
後裔,他姓諸葛，自稱是諸葛量的後裔。
循循善誘,在老師的循循善誘下，她終於能自發地學習了。
和睦,同學們一向和睦相處，從來不爭吵。
崇敬,消防員冒着危險拯救他人，這種無私精神，確令人崇敬。
辜負,父母含辛茹苦地養育我，我絕不能辜負他們的期望。
杯葛,同事們不滿他經常奉承上司，所以杯葛他。
撫恤,在意外發生後，公司承諾會對受影響的員工及其家屬提供全面的撫恤方案。
欺凌,他小時候因身材瘦弱常遭同學欺凌，那段經歷令他長大後格外關注弱勢群體的處境。
籌集,他們準備籌集一筆經費資助山區兒童。
蕭條,這個小鎮的年輕人都往大城市發展，鎮內只剩老弱婦孺，顯得格外蕭條。
休憩,這個公園內設有長座椅供遊人休憩。
逮捕,那個通緝犯已經被警方逮捕了。
氾濫,因河水氾濫，交通中斷，多條公路需要封閉。
凋零,冬日裏，草木凋零的公園雖然少了生氣，卻多了一份寧靜之美。
利弊,實施每項新計劃前，必先衡量當中的利弊。
賄賂,這位官員抵擋不住金錢的誘惑，收受了巨款賄賂，一步步走向腐敗的深淵。
